{"danceability": 0.7587777777777778, "energy": 0.5403333333333333, "speechiness": 0.050755555555555554, "acousticness": 0.3274444444444444, "tempo": 117.24244444444444, "instrumentalness": 0.04329497777777777, "liveness": 0.1440888888888889, "valence": 0.6677777777777778, "artists": "Janet Jackson", "album": "Control"}