{"danceability": 0.5855833333333333, "energy": 0.6115, "speechiness": 0.06185833333333333, "acousticness": 0.3043416666666667, "tempo": 128.155, "instrumentalness": 0.046328630833333335, "liveness": 0.12610000000000002, "valence": 0.7918333333333333, "artists": "The Animals", "album": "Animals"}