{"danceability": 0.5576153846153845, "energy": 0.45300000000000007, "speechiness": 0.04622307692307692, "acousticness": 0.9153076923076924, "tempo": 121.77469230769232, "instrumentalness": 0.3293540269230769, "liveness": 0.1413846153846154, "valence": 0.7900769230769231, "artists": "Professor Longhair", "album": "New Orleans Piano"}