{"danceability": 0.60685, "energy": 0.457, "speechiness": 0.058140000000000004, "acousticness": 0.5313699999999999, "tempo": 118.37160000000002, "instrumentalness": 0.032199916499999995, "liveness": 0.13024, "valence": 0.8817999999999999, "artists": "Fat Domino", "album": "My Blue Heaven"}